"filename", "language", "Python", "HTML", "PostCSS", "JavaScript", "C++", "comment", "blank", "total"
"c:\Users\leon0\Desktop\development\DockChain-Website-1\DockChain\__init__.py", "Python", 0, 0, 0, 0, 0, 0, 1, 1
"c:\Users\leon0\Desktop\development\DockChain-Website-1\DockChain\asgi.py", "Python", 4, 0, 0, 0, 0, 8, 5, 17
"c:\Users\leon0\Desktop\development\DockChain-Website-1\DockChain\settings.py", "Python", 86, 0, 0, 0, 0, 27, 37, 150
"c:\Users\leon0\Desktop\development\DockChain-Website-1\DockChain\urls.py", "Python", 11, 0, 0, 0, 0, 16, 2, 29
"c:\Users\leon0\Desktop\development\DockChain-Website-1\DockChain\wsgi.py", "Python", 4, 0, 0, 0, 0, 8, 5, 17
"c:\Users\leon0\Desktop\development\DockChain-Website-1\Driver\__init__.py", "Python", 0, 0, 0, 0, 0, 0, 1, 1
"c:\Users\leon0\Desktop\development\DockChain-Website-1\Driver\admin.py", "Python", 1, 0, 0, 0, 0, 1, 2, 4
"c:\Users\leon0\Desktop\development\DockChain-Website-1\Driver\apps.py", "Python", 4, 0, 0, 0, 0, 0, 3, 7
"c:\Users\leon0\Desktop\development\DockChain-Website-1\Driver\migrations\__init__.py", "Python", 0, 0, 0, 0, 0, 0, 1, 1
"c:\Users\leon0\Desktop\development\DockChain-Website-1\Driver\models.py", "Python", 1, 0, 0, 0, 0, 1, 2, 4
"c:\Users\leon0\Desktop\development\DockChain-Website-1\Driver\templates\driverinterface.html", "HTML", 0, 147, 0, 0, 0, 8, 7, 162
"c:\Users\leon0\Desktop\development\DockChain-Website-1\Driver\tests.py", "Python", 1, 0, 0, 0, 0, 1, 2, 4
"c:\Users\leon0\Desktop\development\DockChain-Website-1\Driver\urls.py", "Python", 7, 0, 0, 0, 0, 0, 1, 8
"c:\Users\leon0\Desktop\development\DockChain-Website-1\Driver\views.py", "Python", 49, 0, 0, 0, 0, 0, 6, 55
"c:\Users\leon0\Desktop\development\DockChain-Website-1\EasyOCRCode\EasyOCR_test.py", "Python", 61, 0, 0, 0, 0, 88, 28, 177
"c:\Users\leon0\Desktop\development\DockChain-Website-1\Port\__init__.py", "Python", 0, 0, 0, 0, 0, 0, 1, 1
"c:\Users\leon0\Desktop\development\DockChain-Website-1\Port\admin.py", "Python", 1, 0, 0, 0, 0, 1, 2, 4
"c:\Users\leon0\Desktop\development\DockChain-Website-1\Port\apps.py", "Python", 4, 0, 0, 0, 0, 0, 3, 7
"c:\Users\leon0\Desktop\development\DockChain-Website-1\Port\migrations\__init__.py", "Python", 0, 0, 0, 0, 0, 0, 1, 1
"c:\Users\leon0\Desktop\development\DockChain-Website-1\Port\models.py", "Python", 1, 0, 0, 0, 0, 1, 2, 4
"c:\Users\leon0\Desktop\development\DockChain-Website-1\Port\templates\portinterface.html", "HTML", 0, 193, 0, 0, 0, 149, 7, 349
"c:\Users\leon0\Desktop\development\DockChain-Website-1\Port\tests.py", "Python", 1, 0, 0, 0, 0, 1, 2, 4
"c:\Users\leon0\Desktop\development\DockChain-Website-1\Port\urls.py", "Python", 8, 0, 0, 0, 0, 0, 1, 9
"c:\Users\leon0\Desktop\development\DockChain-Website-1\Port\views.py", "Python", 49, 0, 0, 0, 0, 4, 13, 66
"c:\Users\leon0\Desktop\development\DockChain-Website-1\accounts\Email2FA.py", "Python", 29, 0, 0, 0, 0, 1, 4, 34
"c:\Users\leon0\Desktop\development\DockChain-Website-1\accounts\PasswordChange2FA.py", "Python", 21, 0, 0, 0, 0, 18, 3, 42
"c:\Users\leon0\Desktop\development\DockChain-Website-1\accounts\__init__.py", "Python", 0, 0, 0, 0, 0, 0, 1, 1
"c:\Users\leon0\Desktop\development\DockChain-Website-1\accounts\admin.py", "Python", 3, 0, 0, 0, 0, 0, 1, 4
"c:\Users\leon0\Desktop\development\DockChain-Website-1\accounts\apps.py", "Python", 4, 0, 0, 0, 0, 0, 3, 7
"c:\Users\leon0\Desktop\development\DockChain-Website-1\accounts\context_processors.py", "Python", 57, 0, 0, 0, 0, 1, 8, 66
"c:\Users\leon0\Desktop\development\DockChain-Website-1\accounts\forms.py", "Python", 16, 0, 0, 0, 0, 1, 4, 21
"c:\Users\leon0\Desktop\development\DockChain-Website-1\accounts\migrations\0001_initial.py", "Python", 33, 0, 0, 0, 0, 1, 7, 41
"c:\Users\leon0\Desktop\development\DockChain-Website-1\accounts\migrations\0002_user_port_location.py", "Python", 12, 0, 0, 0, 0, 1, 6, 19
"c:\Users\leon0\Desktop\development\DockChain-Website-1\accounts\migrations\0003_remove_user_name_user_first_name_user_last_name_and_more.py", "Python", 31, 0, 0, 0, 0, 1, 6, 38
"c:\Users\leon0\Desktop\development\DockChain-Website-1\accounts\migrations\0004_user_name.py", "Python", 12, 0, 0, 0, 0, 1, 6, 19
"c:\Users\leon0\Desktop\development\DockChain-Website-1\accounts\migrations\0005_user_iscargobroker_user_qualifications_user_services.py", "Python", 22, 0, 0, 0, 0, 1, 6, 29
"c:\Users\leon0\Desktop\development\DockChain-Website-1\accounts\migrations\0006_alter_user_qualifications.py", "Python", 12, 0, 0, 0, 0, 1, 6, 19
"c:\Users\leon0\Desktop\development\DockChain-Website-1\accounts\migrations\0006_rename_iscargobroker_user_is_cargo_broker_and_more.py", "Python", 22, 0, 0, 0, 0, 1, 6, 29
"c:\Users\leon0\Desktop\development\DockChain-Website-1\accounts\migrations\0007_user_state_user_truck_license.py", "Python", 17, 0, 0, 0, 0, 1, 6, 24
"c:\Users\leon0\Desktop\development\DockChain-Website-1\accounts\migrations\0008_merge_20250715_1032.py", "Python", 8, 0, 0, 0, 0, 1, 6, 15
"c:\Users\leon0\Desktop\development\DockChain-Website-1\accounts\migrations\__init__.py", "Python", 0, 0, 0, 0, 0, 0, 1, 1
"c:\Users\leon0\Desktop\development\DockChain-Website-1\accounts\models.py", "Python", 48, 0, 0, 0, 0, 0, 17, 65
"c:\Users\leon0\Desktop\development\DockChain-Website-1\accounts\templates\base.html", "HTML", 0, 151, 0, 0, 0, 12, 13, 176
"c:\Users\leon0\Desktop\development\DockChain-Website-1\accounts\templates\change-password.html", "HTML", 0, 0, 0, 0, 0, 0, 1, 1
"c:\Users\leon0\Desktop\development\DockChain-Website-1\accounts\templates\driverDocumentation.html", "HTML", 0, 8, 0, 0, 0, 0, 7, 15
"c:\Users\leon0\Desktop\development\DockChain-Website-1\accounts\templates\enter_code.html", "HTML", 0, 20, 0, 0, 0, 1, 13, 34
"c:\Users\leon0\Desktop\development\DockChain-Website-1\accounts\templates\manageprofile.html", "HTML", 0, 58, 0, 0, 0, 2, 8, 68
"c:\Users\leon0\Desktop\development\DockChain-Website-1\accounts\templates\portDocumentation.html", "HTML", 0, 8, 0, 0, 0, 0, 7, 15
"c:\Users\leon0\Desktop\development\DockChain-Website-1\accounts\templates\registration\driver_signup.html", "HTML", 0, 18, 0, 0, 0, 0, 2, 20
"c:\Users\leon0\Desktop\development\DockChain-Website-1\accounts\templates\registration\login.html", "HTML", 0, 18, 0, 0, 0, 0, 4, 22
"c:\Users\leon0\Desktop\development\DockChain-Website-1\accounts\templates\registration\port_signup.html", "HTML", 0, 18, 0, 0, 0, 0, 3, 21
"c:\Users\leon0\Desktop\development\DockChain-Website-1\accounts\templates\registration\truck_company_signup.html", "HTML", 0, 18, 0, 0, 0, 0, 2, 20
"c:\Users\leon0\Desktop\development\DockChain-Website-1\accounts\templates\search_results.html", "HTML", 0, 18, 0, 0, 0, 0, 2, 20
"c:\Users\leon0\Desktop\development\DockChain-Website-1\accounts\templates\signupbase.html", "HTML", 0, 8, 0, 0, 0, 0, 4, 12
"c:\Users\leon0\Desktop\development\DockChain-Website-1\accounts\templates\truckCompanyDocumentation.html", "HTML", 0, 8, 0, 0, 0, 0, 7, 15
"c:\Users\leon0\Desktop\development\DockChain-Website-1\accounts\templates\unauthorized.html", "HTML", 0, 26, 0, 0, 0, 0, 6, 32
"c:\Users\leon0\Desktop\development\DockChain-Website-1\accounts\tests.py", "Python", 1, 0, 0, 0, 0, 1, 2, 4
"c:\Users\leon0\Desktop\development\DockChain-Website-1\accounts\urls.py", "Python", 23, 0, 0, 0, 0, 1, 2, 26
"c:\Users\leon0\Desktop\development\DockChain-Website-1\accounts\views.py", "Python", 185, 0, 0, 0, 0, 8, 43, 236
"c:\Users\leon0\Desktop\development\DockChain-Website-1\arduino_code\basic_lcd.ino", "C++", 0, 0, 0, 0, 273, 69, 67, 409
"c:\Users\leon0\Desktop\development\DockChain-Website-1\arduino_code\enroll.ino", "C++", 0, 0, 0, 0, 177, 27, 27, 231
"c:\Users\leon0\Desktop\development\DockChain-Website-1\arduino_code\fingerprint.ino", "C++", 0, 0, 0, 0, 281, 70, 55, 406
"c:\Users\leon0\Desktop\development\DockChain-Website-1\arduino_code\fullcircuit.ino", "C++", 0, 0, 0, 0, 339, 105, 108, 552
"c:\Users\leon0\Desktop\development\DockChain-Website-1\manage.py", "Python", 15, 0, 0, 0, 0, 3, 5, 23
"c:\Users\leon0\Desktop\development\DockChain-Website-1\static\Base\script.js", "JavaScript", 0, 0, 0, 72, 0, 0, 11, 83
"c:\Users\leon0\Desktop\development\DockChain-Website-1\static\Base\style.css", "PostCSS", 0, 0, 9, 0, 0, 0, 2, 11
"c:\Users\leon0\Desktop\development\DockChain-Website-1\static\CompanyTruckerForm\style.css", "PostCSS", 0, 0, 25, 0, 0, 0, 6, 31
"c:\Users\leon0\Desktop\development\DockChain-Website-1\static\DocumentationPages\driverDocumentation.css", "PostCSS", 0, 0, 4, 0, 0, 0, 0, 4
"c:\Users\leon0\Desktop\development\DockChain-Website-1\static\DocumentationPages\portDocumentation.css", "PostCSS", 0, 0, 4, 0, 0, 0, 4, 8
"c:\Users\leon0\Desktop\development\DockChain-Website-1\static\DocumentationPages\truckCompanyDocumentation.css", "PostCSS", 0, 0, 4, 0, 0, 0, 2, 6
"c:\Users\leon0\Desktop\development\DockChain-Website-1\static\DriverDirectory\script.js", "JavaScript", 0, 0, 0, 22, 0, 0, 3, 25
"c:\Users\leon0\Desktop\development\DockChain-Website-1\static\DriverDirectory\style.css", "PostCSS", 0, 0, 55, 0, 0, 2, 11, 68
"c:\Users\leon0\Desktop\development\DockChain-Website-1\static\DriverInterface\style.css", "PostCSS", 0, 0, 48, 0, 0, 0, 12, 60
"c:\Users\leon0\Desktop\development\DockChain-Website-1\static\Foundation\style.css", "PostCSS", 0, 0, 13, 0, 0, 1, 1, 15
"c:\Users\leon0\Desktop\development\DockChain-Website-1\static\Home\script.js", "JavaScript", 0, 0, 0, 3, 0, 1, 1, 5
"c:\Users\leon0\Desktop\development\DockChain-Website-1\static\Home\style.css", "PostCSS", 0, 0, 69, 0, 0, 4, 12, 85
"c:\Users\leon0\Desktop\development\DockChain-Website-1\static\Index\style.css", "PostCSS", 0, 0, 0, 0, 0, 0, 1, 1
"c:\Users\leon0\Desktop\development\DockChain-Website-1\static\ManageProfile\style.css", "PostCSS", 0, 0, 3, 0, 0, 0, 0, 3
"c:\Users\leon0\Desktop\development\DockChain-Website-1\static\PortInterface\style.css", "PostCSS", 0, 0, 21, 0, 0, 0, 5, 26
"c:\Users\leon0\Desktop\development\DockChain-Website-1\static\Registration\style.css", "PostCSS", 0, 0, 100, 0, 0, 4, 19, 123
"c:\Users\leon0\Desktop\development\DockChain-Website-1\static\TruckInterface\style.css", "PostCSS", 0, 0, 61, 0, 0, 5, 16, 82
"c:\Users\leon0\Desktop\development\DockChain-Website-1\static\Unauthorized\style.css", "PostCSS", 0, 0, 3, 0, 0, 0, 2, 5
"c:\Users\leon0\Desktop\development\DockChain-Website-1\truckmanagement\__init__.py", "Python", 0, 0, 0, 0, 0, 0, 1, 1
"c:\Users\leon0\Desktop\development\DockChain-Website-1\truckmanagement\admin.py", "Python", 1, 0, 0, 0, 0, 1, 2, 4
"c:\Users\leon0\Desktop\development\DockChain-Website-1\truckmanagement\apps.py", "Python", 4, 0, 0, 0, 0, 0, 3, 7
"c:\Users\leon0\Desktop\development\DockChain-Website-1\truckmanagement\forms.py", "Python", 16, 0, 0, 0, 0, 0, 4, 20
"c:\Users\leon0\Desktop\development\DockChain-Website-1\truckmanagement\migrations\0001_initial.py", "Python", 36, 0, 0, 0, 0, 1, 7, 44
"c:\Users\leon0\Desktop\development\DockChain-Website-1\truckmanagement\migrations\0002_job_approval_timestamp_job_cargo_id_job_description_and_more.py", "Python", 42, 0, 0, 0, 0, 1, 6, 49
"c:\Users\leon0\Desktop\development\DockChain-Website-1\truckmanagement\migrations\0003_alter_job_job_type.py", "Python", 12, 0, 0, 0, 0, 1, 6, 19
"c:\Users\leon0\Desktop\development\DockChain-Website-1\truckmanagement\migrations\0004_alter_job_description.py", "Python", 12, 0, 0, 0, 0, 1, 6, 19
"c:\Users\leon0\Desktop\development\DockChain-Website-1\truckmanagement\migrations\0005_alter_job_description.py", "Python", 12, 0, 0, 0, 0, 1, 6, 19
"c:\Users\leon0\Desktop\development\DockChain-Website-1\truckmanagement\migrations\0006_alter_job_description.py", "Python", 12, 0, 0, 0, 0, 1, 6, 19
"c:\Users\leon0\Desktop\development\DockChain-Website-1\truckmanagement\migrations\0007_job_completed_timestamp.py", "Python", 12, 0, 0, 0, 0, 1, 6, 19
"c:\Users\leon0\Desktop\development\DockChain-Website-1\truckmanagement\migrations\0008_trucker_organization.py", "Python", 12, 0, 0, 0, 0, 1, 6, 19
"c:\Users\leon0\Desktop\development\DockChain-Website-1\truckmanagement\migrations\0009_trucker_qualifications.py", "Python", 12, 0, 0, 0, 0, 1, 6, 19
"c:\Users\leon0\Desktop\development\DockChain-Website-1\truckmanagement\migrations\0010_job_docking_location_job_driver_applications_and_more.py", "Python", 43, 0, 0, 0, 0, 1, 6, 50
"c:\Users\leon0\Desktop\development\DockChain-Website-1\truckmanagement\migrations\0011_alter_job_driver_alter_job_license_plate.py", "Python", 18, 0, 0, 0, 0, 1, 6, 25
"c:\Users\leon0\Desktop\development\DockChain-Website-1\truckmanagement\migrations\0012_job_state_locale.py", "Python", 12, 0, 0, 0, 0, 1, 6, 19
"c:\Users\leon0\Desktop\development\DockChain-Website-1\truckmanagement\migrations\0013_licenseplate_organization.py", "Python", 12, 0, 0, 0, 0, 1, 6, 19
"c:\Users\leon0\Desktop\development\DockChain-Website-1\truckmanagement\migrations\0014_rename_independent_license_trucker_truck_license_and_more.py", "Python", 17, 0, 0, 0, 0, 1, 6, 24
"c:\Users\leon0\Desktop\development\DockChain-Website-1\truckmanagement\migrations\__init__.py", "Python", 0, 0, 0, 0, 0, 0, 1, 1
"c:\Users\leon0\Desktop\development\DockChain-Website-1\truckmanagement\models.py", "Python", 38, 0, 0, 0, 0, 0, 5, 43
"c:\Users\leon0\Desktop\development\DockChain-Website-1\truckmanagement\templates\companytruckerform.html", "HTML", 0, 25, 0, 0, 0, 0, 4, 29
"c:\Users\leon0\Desktop\development\DockChain-Website-1\truckmanagement\templates\driverdirectory.html", "HTML", 0, 80, 0, 0, 0, 6, 14, 100
"c:\Users\leon0\Desktop\development\DockChain-Website-1\truckmanagement\templates\interface1.html", "HTML", 0, 198, 0, 0, 0, 7, 9, 214
"c:\Users\leon0\Desktop\development\DockChain-Website-1\truckmanagement\templates\licenseplates.html", "HTML", 0, 83, 0, 0, 0, 3, 11, 97
"c:\Users\leon0\Desktop\development\DockChain-Website-1\truckmanagement\templates\new_trucker.html", "HTML", 0, 20, 0, 0, 0, 1, 8, 29
"c:\Users\leon0\Desktop\development\DockChain-Website-1\truckmanagement\tests.py", "Python", 11, 0, 0, 0, 0, 2, 2, 15
"c:\Users\leon0\Desktop\development\DockChain-Website-1\truckmanagement\urls.py", "Python", 13, 0, 0, 0, 0, 0, 1, 14
"c:\Users\leon0\Desktop\development\DockChain-Website-1\truckmanagement\views.py", "Python", 272, 0, 0, 0, 0, 18, 53, 343
"c:\Users\leon0\Desktop\development\DockChain-Website-1\webpage\__init__.py", "Python", 0, 0, 0, 0, 0, 0, 1, 1
"c:\Users\leon0\Desktop\development\DockChain-Website-1\webpage\admin.py", "Python", 1, 0, 0, 0, 0, 1, 2, 4
"c:\Users\leon0\Desktop\development\DockChain-Website-1\webpage\apps.py", "Python", 4, 0, 0, 0, 0, 0, 3, 7
"c:\Users\leon0\Desktop\development\DockChain-Website-1\webpage\migrations\__init__.py", "Python", 0, 0, 0, 0, 0, 0, 1, 1
"c:\Users\leon0\Desktop\development\DockChain-Website-1\webpage\models.py", "Python", 1, 0, 0, 0, 0, 1, 2, 4
"c:\Users\leon0\Desktop\development\DockChain-Website-1\webpage\templates\foundation.html", "HTML", 0, 23, 0, 0, 0, 0, 1, 24
"c:\Users\leon0\Desktop\development\DockChain-Website-1\webpage\templates\home.html", "HTML", 0, 43, 0, 0, 0, 2, 11, 56
"c:\Users\leon0\Desktop\development\DockChain-Website-1\webpage\templates\index.html", "HTML", 0, 21, 0, 0, 0, 1, 6, 28
"c:\Users\leon0\Desktop\development\DockChain-Website-1\webpage\tests.py", "Python", 1, 0, 0, 0, 0, 1, 2, 4
"c:\Users\leon0\Desktop\development\DockChain-Website-1\webpage\urls.py", "Python", 5, 0, 0, 0, 0, 0, 1, 6
"c:\Users\leon0\Desktop\development\DockChain-Website-1\webpage\views.py", "Python", 11, 0, 0, 0, 0, 0, 1, 12
"Total", "-", 1506, 1210, 419, 97, 1070, 718, 962, 5982